INSERT INTO active_game (id, maxPlayersCount, owner) VALUES(0, 3, 'adam');
INSERT INTO player (login, enabled, password, game_id) VALUES ('adam', '1', '$2a$12$CjUXhURzGFkPwuAMTNxtVOYXlJg9faP7aEmhV8FkTAFVosHcJP.Dy', 0);
INSERT INTO player (login, enabled, password, game_id) VALUES ('adam1', '1', '$2a$12$CjUXhURzGFkPwuAMTNxtVOYXlJg9faP7aEmhV8FkTAFVosHcJP.Dy', null);
INSERT INTO player (login, enabled, password, game_id) VALUES ('adam2', '1', '$2a$12$CjUXhURzGFkPwuAMTNxtVOYXlJg9faP7aEmhV8FkTAFVosHcJP.Dy', null);
INSERT INTO player (login, enabled, password, game_id) VALUES ('adam3', '1', '$2a$12$CjUXhURzGFkPwuAMTNxtVOYXlJg9faP7aEmhV8FkTAFVosHcJP.Dy', null);
INSERT INTO player (login, enabled, password, game_id) VALUES ('adam4', '1', '$2a$12$CjUXhURzGFkPwuAMTNxtVOYXlJg9faP7aEmhV8FkTAFVosHcJP.Dy', null);
INSERT INTO player (login, enabled, password, game_id) VALUES ('adam5', '1', '$2a$12$CjUXhURzGFkPwuAMTNxtVOYXlJg9faP7aEmhV8FkTAFVosHcJP.Dy', null);
INSERT INTO player (login, enabled, password, game_id) VALUES ('adam6', '1', '$2a$12$CjUXhURzGFkPwuAMTNxtVOYXlJg9faP7aEmhV8FkTAFVosHcJP.Dy', null);
INSERT INTO player (login, enabled, password, game_id) VALUES ('adam7', '1', '$2a$12$CjUXhURzGFkPwuAMTNxtVOYXlJg9faP7aEmhV8FkTAFVosHcJP.Dy', null);
INSERT INTO player (login, enabled, password, game_id) VALUES ('adam8', '1', '$2a$12$CjUXhURzGFkPwuAMTNxtVOYXlJg9faP7aEmhV8FkTAFVosHcJP.Dy', null);
INSERT INTO player (login, enabled, password, game_id) VALUES ('adam9', '1', '$2a$12$CjUXhURzGFkPwuAMTNxtVOYXlJg9faP7aEmhV8FkTAFVosHcJP.Dy', null);
INSERT INTO player (login, enabled, password, game_id) VALUES ('adam10', '1', '$2a$12$CjUXhURzGFkPwuAMTNxtVOYXlJg9faP7aEmhV8FkTAFVosHcJP.Dy', null);
INSERT INTO player (login, enabled, password, game_id) VALUES ('adam11', '1', '$2a$12$CjUXhURzGFkPwuAMTNxtVOYXlJg9faP7aEmhV8FkTAFVosHcJP.Dy', null);
INSERT INTO player (login, enabled, password, game_id) VALUES ('adam12', '1', '$2a$12$CjUXhURzGFkPwuAMTNxtVOYXlJg9faP7aEmhV8FkTAFVosHcJP.Dy', null);
INSERT INTO User_role (id, role, login) VALUES (0, 'ROLE_USER', 'adam');
INSERT INTO User_role (id, role, login) VALUES (1, 'ROLE_USER', 'adam1');
INSERT INTO User_role (id, role, login) VALUES (2, 'ROLE_USER', 'adam2');
INSERT INTO User_role (id, role, login) VALUES (3, 'ROLE_USER', 'adam3');
INSERT INTO User_role (id, role, login) VALUES (4, 'ROLE_USER', 'adam4');
INSERT INTO User_role (id, role, login) VALUES (5, 'ROLE_USER', 'adam5');
INSERT INTO User_role (id, role, login) VALUES (6, 'ROLE_USER', 'adam6');
INSERT INTO User_role (id, role, login) VALUES (7, 'ROLE_USER', 'adam7');
INSERT INTO User_role (id, role, login) VALUES (8, 'ROLE_USER', 'adam8');
INSERT INTO User_role (id, role, login) VALUES (9, 'ROLE_USER', 'adam9');
INSERT INTO User_role (id, role, login) VALUES (10, 'ROLE_USER', 'adam10');
INSERT INTO User_role (id, role, login) VALUES (11, 'ROLE_USER', 'adam11');
INSERT INTO User_role (id, role, login) VALUES (12, 'ROLE_USER', 'adam12');
INSERT INTO User_role (id, role, login) VALUES (13, 'ROLE_ADMINISTRATOR', 'adam');
INSERT INTO User_role (id, role, login) VALUES (14, 'ROLE_ADMINISTRATOR', 'adam1');
INSERT INTO game_record (id, GAME_DATE) VALUES (0, CURRENT_TIMESTAMP);
INSERT INTO game_record (id, GAME_DATE) VALUES (1, CURRENT_TIMESTAMP);
INSERT INTO STATS_PLAYER (id, coins, influencepoints, login, swords, record_id) VALUES (0,	0,	3,	'adam',	2,	0);
INSERT INTO STATS_PLAYER (id, coins, influencepoints, login, swords, record_id) VALUES (1,	0,	2,	'adam2',	2,	0);
INSERT INTO STATS_PLAYER (id, coins, influencepoints, login, swords, record_id) VALUES (2,	0,	2,	'adam',	2,	1);
INSERT INTO CARD (id, dtype, card_type, coin, influence, card_owner) VALUES (0, 'Card',	'ADMIRAL',	5,	1,	0);
INSERT INTO CARD (id, dtype, card_type, coin, influence, card_owner) VALUES (1, 'Card',	'PIRATE',	7,	2,	0);
INSERT INTO CARD (id, dtype, card_type, coin, influence, card_owner) VALUES (2, 'Card',	'PIRATE',	7,	2,	1);
INSERT INTO CARD (id, dtype, card_type, coin, influence, card_owner) VALUES (3, 'Card',	'PIRATE',	7,	2,	2);
INSERT INTO CARD (id, dtype, card_type, coin, influence, anchor, cross, hut, card_owner) VALUES (4, 'Expedition',	'EXPEDITION',	7,	2, 0, 2, 1,	2);