INSERT INTO active_game (id, maxPlayersCount, owner) VALUES(0, 3, 'adam');
INSERT INTO active_game (id, maxPlayersCount, owner) VALUES(1, 2, 'pavel');
INSERT INTO player (login, enabled, password, in_ended_game, game_id) VALUES ('adam', 1, '$2a$12$CjUXhURzGFkPwuAMTNxtVOYXlJg9faP7aEmhV8FkTAFVosHcJP.Dy', null,  0);
INSERT INTO player (login, enabled, password, game_id) VALUES ('honza', 1, '$2a$12$CjUXhURzGFkPwuAMTNxtVOYXlJg9faP7aEmhV8FkTAFVosHcJP.Dy', null);
INSERT INTO player (login, enabled, password, game_id) VALUES ('lenka', 1, '$2a$12$CjUXhURzGFkPwuAMTNxtVOYXlJg9faP7aEmhV8FkTAFVosHcJP.Dy', null);
INSERT INTO player (login, enabled, password, game_id) VALUES ('monika', 1, '$2a$12$CjUXhURzGFkPwuAMTNxtVOYXlJg9faP7aEmhV8FkTAFVosHcJP.Dy', null);
INSERT INTO player (login, enabled, password, game_id) VALUES ('marek', 1, '$2a$12$CjUXhURzGFkPwuAMTNxtVOYXlJg9faP7aEmhV8FkTAFVosHcJP.Dy', null);
INSERT INTO player (login, enabled, password, game_id) VALUES ('lukas', 1, '$2a$12$CjUXhURzGFkPwuAMTNxtVOYXlJg9faP7aEmhV8FkTAFVosHcJP.Dy', null);
INSERT INTO player (login, enabled, password, game_id) VALUES ('marie', 1, '$2a$12$CjUXhURzGFkPwuAMTNxtVOYXlJg9faP7aEmhV8FkTAFVosHcJP.Dy', null);
INSERT INTO player (login, enabled, password, game_id) VALUES ('pavel', 1, '$2a$12$CjUXhURzGFkPwuAMTNxtVOYXlJg9faP7aEmhV8FkTAFVosHcJP.Dy', 1);
INSERT INTO player (login, enabled, password, game_id) VALUES ('daniel', 1, '$2a$12$CjUXhURzGFkPwuAMTNxtVOYXlJg9faP7aEmhV8FkTAFVosHcJP.Dy', null);
INSERT INTO player (login, enabled, password, game_id) VALUES ('barbara', 1, '$2a$12$CjUXhURzGFkPwuAMTNxtVOYXlJg9faP7aEmhV8FkTAFVosHcJP.Dy', null);
INSERT INTO player (login, enabled, password, game_id) VALUES ('david', 1, '$2a$12$CjUXhURzGFkPwuAMTNxtVOYXlJg9faP7aEmhV8FkTAFVosHcJP.Dy', null);
INSERT INTO player (login, enabled, password, game_id) VALUES ('michal', 1, '$2a$12$CjUXhURzGFkPwuAMTNxtVOYXlJg9faP7aEmhV8FkTAFVosHcJP.Dy', null);
INSERT INTO player (login, enabled, password, game_id) VALUES ('bohdana', 1, '$2a$12$CjUXhURzGFkPwuAMTNxtVOYXlJg9faP7aEmhV8FkTAFVosHcJP.Dy', null);
INSERT INTO player (login, enabled, password, game_id) VALUES ('admin', 1, '$2a$12$SODXF0SuaEimJKqflMyItutee6cf.e2aIA42kWdT87OZ6wAvBQTZ6', null);
INSERT INTO User_role (id, role, login) VALUES (0, 'ROLE_USER', 'adam');
INSERT INTO User_role (id, role, login) VALUES (1, 'ROLE_USER', 'honza');
INSERT INTO User_role (id, role, login) VALUES (2, 'ROLE_USER', 'lenka');
INSERT INTO User_role (id, role, login) VALUES (3, 'ROLE_USER', 'monika');
INSERT INTO User_role (id, role, login) VALUES (4, 'ROLE_USER', 'marek');
INSERT INTO User_role (id, role, login) VALUES (5, 'ROLE_USER', 'lukas');
INSERT INTO User_role (id, role, login) VALUES (6, 'ROLE_USER', 'marie');
INSERT INTO User_role (id, role, login) VALUES (7, 'ROLE_USER', 'pavel');
INSERT INTO User_role (id, role, login) VALUES (8, 'ROLE_USER', 'daniel');
INSERT INTO User_role (id, role, login) VALUES (9, 'ROLE_USER', 'barbara');
INSERT INTO User_role (id, role, login) VALUES (10, 'ROLE_USER', 'david');
INSERT INTO User_role (id, role, login) VALUES (11, 'ROLE_USER', 'michal');
INSERT INTO User_role (id, role, login) VALUES (12, 'ROLE_USER', 'bohdana');
INSERT INTO User_role (id, role, login) VALUES (13, 'ROLE_ADMINISTRATOR', 'adam');
INSERT INTO User_role (id, role, login) VALUES (14, 'ROLE_ADMINISTRATOR', 'honza');
INSERT INTO User_role (id, role, login) VALUES (15, 'ROLE_USER', 'admin');
INSERT INTO User_role (id, role, login) VALUES (16, 'ROLE_ADMINISTRATOR', 'admin');
INSERT INTO game_record (id, GAME_DATE) VALUES (0, CURRENT_TIMESTAMP);
INSERT INTO game_record (id, GAME_DATE) VALUES (1, CURRENT_TIMESTAMP);
INSERT INTO STATS_PLAYER (id, coins, influencepoints, login, swords, record_id) VALUES (0,	0,	3,	'adam',	2,	0);
INSERT INTO STATS_PLAYER (id, coins, influencepoints, login, swords, record_id) VALUES (1,	0,	2,	'honza',	2,	0);
INSERT INTO STATS_PLAYER (id, coins, influencepoints, login, swords, record_id) VALUES (2,	0,	2,	'adam',	2,	1);
INSERT INTO CARD (id, dtype, card_type, coin, influence, card_owner) VALUES (0, 'Card',	'ADMIRAL',	5,	1,	0);
INSERT INTO CARD (id, dtype, card_type, coin, influence, card_owner) VALUES (1, 'Card',	'PIRATE',	7,	2,	0);
INSERT INTO CARD (id, dtype, card_type, coin, influence, card_owner) VALUES (2, 'Card',	'PIRATE',	7,	2,	1);
INSERT INTO CARD (id, dtype, card_type, coin, influence, card_owner) VALUES (3, 'Card',	'PIRATE',	7,	2,	2);
INSERT INTO CARD (id, dtype, card_type, coin, influence, anchor, crosss, hut, card_owner) VALUES (4, 'Expedition',	'EXPEDITION',	7,	2, 0, 2, 1,	2);